数量,酒店名,星级,档次,评分,价格,链接
1,北京丽景湾国际酒店,05,国家旅游局评定为五星级,4.5,868元,http://hotels.ctrip.com/hotel/452197.html?isFull=F#ctm_ref=hod_sr_map_dl_txt_1
2,北京大方饭店,04,国家旅游局评定为四星级,4.5,538元,http://hotels.ctrip.com/hotel/691682.html?isFull=F#ctm_ref=hod_sr_map_dl_txt_2
3,北京工大建国饭店,05,豪华型,4.7,730元,http://hotels.ctrip.com/hotel/467314.html?isFull=F#ctm_ref=hod_sr_map_dl_txt_3
4,北京骏马国际酒店,04,高档型,4.5,559元,http://hotels.ctrip.com/hotel/1422167.html?isFull=F#ctm_ref=hod_sr_map_dl_txt_4
5,北京东直门亚朵S酒店,05,豪华型,4.8,827元,http://hotels.ctrip.com/hotel/2231618.html?isFull=F#ctm_ref=hod_sr_map_dl_txt_5
6,北京景里酒店,04,高档型,4.9,559元,http://hotels.ctrip.com/hotel/25748541.html?isFull=F#ctm_ref=hod_sr_map_dl_txt_6
7,飘HOME连锁酒店(北京王府井店),02,经济型,4.4,294元,http://hotels.ctrip.com/hotel/436894.html?isFull=F#ctm_ref=hod_sr_map_dl_txt_7
8,桔子酒店·精选(北京学院路店),03,舒适型,4.8,476元,http://hotels.ctrip.com/hotel/1994702.html?isFull=F#ctm_ref=hod_sr_map_dl_txt_8
9,北京5L饭店,04,高档型,4.3,583元,http://hotels.ctrip.com/hotel/375126.html?isFull=F#ctm_ref=hod_sr_map_dl_txt_9
10,北京金融街行政公寓,05,豪华型,4.8,1468元,http://hotels.ctrip.com/hotel/21785802.html?isFull=F#ctm_ref=hod_sr_map_dl_txt_10
11,北京东交民巷饭店,04,高档型,4.5,698元,http://hotels.ctrip.com/hotel/427151.html?isFull=F#ctm_ref=hod_sr_map_dl_txt_11
12,飘HOME连锁酒店(北京前门大栅栏店),02,经济型,4.6,968元,http://hotels.ctrip.com/hotel/447616.html?isFull=F#ctm_ref=hod_sr_map_dl_txt_12
13,北京渔阳饭店,05,豪华型,4.3,756元,http://hotels.ctrip.com/hotel/439311.html?isFull=F#ctm_ref=hod_sr_map_dl_txt_13
14,北京凤凰苏源大厦,03,国家旅游局评定为三星级,4.4,657元,http://hotels.ctrip.com/hotel/793504.html?isFull=F#ctm_ref=hod_sr_map_dl_txt_14
15,北京金融街亚朵S吴酒店,04,高档型,4.8,1011元,http://hotels.ctrip.com/hotel/6589045.html?isFull=F#ctm_ref=hod_sr_map_dl_txt_15
16,北京空港奥竺宾馆,03,舒适型,4.3,253元,http://hotels.ctrip.com/hotel/430616.html?isFull=F#ctm_ref=hod_sr_map_dl_txt_16
17,北京京都信苑饭店,05,国家旅游局评定为五星级,4.8,839元,http://hotels.ctrip.com/hotel/375265.html?isFull=F#ctm_ref=hod_sr_map_dl_txt_17
18,时光漫步怀旧主题酒店(北京地坛国展中心店),03,舒适型,4.8,336元,http://hotels.ctrip.com/hotel/2239929.html?isFull=F#ctm_ref=hod_sr_map_dl_txt_18
19,时光漫步怀旧主题酒店(北京国贸劲松店),03,舒适型,4.8,423元,http://hotels.ctrip.com/hotel/8105721.html?isFull=F#ctm_ref=hod_sr_map_dl_txt_19
20,北京花乡新天坛亚朵酒店,04,高档型,4.7,606元,http://hotels.ctrip.com/hotel/11305146.html?isFull=F#ctm_ref=hod_sr_map_dl_txt_20
21,北京和平里宾馆,03,国家旅游局评定为三星级,4.6,498元,http://hotels.ctrip.com/hotel/433114.html?isFull=F#ctm_ref=hod_sr_map_dl_txt_21
22,北京赛特饭店,05,豪华型,4.6,698元,http://hotels.ctrip.com/hotel/6410223.html?isFull=F#ctm_ref=hod_sr_map_dl_txt_22
23,北京飞天大厦,04,国家旅游局评定为四星级,4.4,598元,http://hotels.ctrip.com/hotel/456476.html?isFull=F#ctm_ref=hod_sr_map_dl_txt_23
24,桔子水晶酒店(北京建国门店),04,高档型,4.9,683元,http://hotels.ctrip.com/hotel/1722447.html?isFull=F#ctm_ref=hod_sr_map_dl_txt_24
25,北京外国专家大厦,04,国家旅游局评定为四星级,4.4,418元,http://hotels.ctrip.com/hotel/457242.html?isFull=F#ctm_ref=hod_sr_map_dl_txt_25
26,北京西国贸大酒店,05,国家旅游局评定为五星级,4.4,698元,http://hotels.ctrip.com/hotel/445313.html?isFull=F#ctm_ref=hod_sr_map_dl_txt_1
27,北京长白山国际酒店,05,豪华型,4.4,608元,http://hotels.ctrip.com/hotel/431617.html?isFull=F#ctm_ref=hod_sr_map_dl_txt_2
28,秋果简居酒店(北京安定门店),04,高档型,4.9,488元,http://hotels.ctrip.com/hotel/26539628.html?isFull=F#ctm_ref=hod_sr_map_dl_txt_3
29,北京复兴门亚朵酒店,04,高档型,4.8,1195元,http://hotels.ctrip.com/hotel/1684017.html?isFull=F#ctm_ref=hod_sr_map_dl_txt_4
30,XY酒店公寓(北京金茂府店),04,高档型,4.7,559元,http://hotels.ctrip.com/hotel/1563509.html?isFull=F#ctm_ref=hod_sr_map_dl_txt_5
31,桔子酒店·精选(北京三元桥店),03,舒适型,4.8,598元,http://hotels.ctrip.com/hotel/1837777.html?isFull=F#ctm_ref=hod_sr_map_dl_txt_6
32,桔子水晶酒店(北京酒仙桥店),04,高档型,4.8,626元,http://hotels.ctrip.com/hotel/2226967.html?isFull=F#ctm_ref=hod_sr_map_dl_txt_7
33,北京在之禾度假酒店,05,豪华型,4.4,1188元,http://hotels.ctrip.com/hotel/456474.html?isFull=F#ctm_ref=hod_sr_map_dl_txt_8
34,桔子酒店(北京西直门北店),03,舒适型,4.8,712元,http://hotels.ctrip.com/hotel/2301928.html?isFull=F#ctm_ref=hod_sr_map_dl_txt_9
35,北京美第奇精选酒店,04,高档型,4.5,239元,http://hotels.ctrip.com/hotel/2642089.html?isFull=F#ctm_ref=hod_sr_map_dl_txt_10
36,瑞尔威连锁饭店(北京西客站店),03,舒适型,4.6,528元,http://hotels.ctrip.com/hotel/1726454.html?isFull=F#ctm_ref=hod_sr_map_dl_txt_11
37,北京建国门亚朵轻居酒店,03,舒适型,4.7,560元,http://hotels.ctrip.com/hotel/6508621.html?isFull=F#ctm_ref=hod_sr_map_dl_txt_12
38,北京东航大酒店,03,国家旅游局评定为三星级,4.4,338元,http://hotels.ctrip.com/hotel/660401.html?isFull=F#ctm_ref=hod_sr_map_dl_txt_13
39,北京金融街酒店式公寓,04,高档型,4.8,1168元,http://hotels.ctrip.com/hotel/445513.html?isFull=F#ctm_ref=hod_sr_map_dl_txt_14
40,北京总部基地亚朵酒店,04,高档型,4.9,680元,http://hotels.ctrip.com/hotel/7690955.html?isFull=F#ctm_ref=hod_sr_map_dl_txt_15
41,北京VUE后海酒店,05,豪华型,4.8,1437元,http://hotels.ctrip.com/hotel/1641390.html?isFull=F#ctm_ref=hod_sr_map_dl_txt_16
42,桔子酒店·精选(北京中关村店),03,舒适型,4.8,607元,http://hotels.ctrip.com/hotel/1816443.html?isFull=F#ctm_ref=hod_sr_map_dl_txt_17
43,北京行宫国际酒店,04,高档型,4.4,698元,http://hotels.ctrip.com/hotel/457112.html?isFull=F#ctm_ref=hod_sr_map_dl_txt_18
44,北京金色夏日商务酒店,04,国家旅游局评定为四星级,4.7,588元,http://hotels.ctrip.com/hotel/444199.html?isFull=F#ctm_ref=hod_sr_map_dl_txt_19
45,北京新兴宾馆,03,国家旅游局评定为三星级,4.4,624元,http://hotels.ctrip.com/hotel/1575444.html?isFull=F#ctm_ref=hod_sr_map_dl_txt_20
46,桔子水晶酒店(北京崇文门店),04,高档型,4.8,579元,http://hotels.ctrip.com/hotel/1836273.html?isFull=F#ctm_ref=hod_sr_map_dl_txt_21
47,秋果公寓(北京西直门交通大学店)(原秋果酒店),04,高档型,4.8,537元,http://hotels.ctrip.com/hotel/9557111.html?isFull=F#ctm_ref=hod_sr_map_dl_txt_22
48,北京工体A. Hotel酒店,03,舒适型,4.1,494元,http://hotels.ctrip.com/hotel/1285546.html?isFull=F#ctm_ref=hod_sr_map_dl_txt_23
49,北京瑞麟湾温泉度假酒店,05,国家旅游局评定为五星级,4.5,506元,http://hotels.ctrip.com/hotel/436066.html?isFull=F#ctm_ref=hod_sr_map_dl_txt_24
50,北京金岳台精品温泉酒店,03,舒适型,4.6,480元,http://hotels.ctrip.com/hotel/8019672.html?isFull=F#ctm_ref=hod_sr_map_dl_txt_25
51,漫心北京和平门地铁站酒店,04,高档型,4.8,664元,http://hotels.ctrip.com/hotel/516458.html?isFull=F#ctm_ref=hod_sr_map_dl_txt_1
52,漫心酒店(北京前门四合院店),04,高档型,4.9,854元,http://hotels.ctrip.com/hotel/9293254.html?isFull=F#ctm_ref=hod_sr_map_dl_txt_2
53,桔子酒店·精选(北京亚运村店),03,舒适型,4.8,474元,http://hotels.ctrip.com/hotel/1816847.html?isFull=F#ctm_ref=hod_sr_map_dl_txt_3
54,北京天安门广场CitiGO欢阁酒店,04,高档型,4.7,664元,http://hotels.ctrip.com/hotel/28642364.html?isFull=F#ctm_ref=hod_sr_map_dl_txt_4
55,北京香榭舍酒店公寓,03,舒适型,4.5,993元,http://hotels.ctrip.com/hotel/474111.html?isFull=F#ctm_ref=hod_sr_map_dl_txt_5
56,北京奥体中心鸟巢亚朵酒店,04,高档型,4.8,643元,http://hotels.ctrip.com/hotel/9444856.html?isFull=F#ctm_ref=hod_sr_map_dl_txt_6
57,百纳烟台山酒店(北京万丰路店),04,高档型,4.9,698元,http://hotels.ctrip.com/hotel/5318823.html?isFull=F#ctm_ref=hod_sr_map_dl_txt_7
58,桔子酒店·精选(北京望京店),03,舒适型,4.8,617元,http://hotels.ctrip.com/hotel/1837769.html?isFull=F#ctm_ref=hod_sr_map_dl_txt_8
59,倪氏海泰大酒店(北京四季青店),04,高档型,4.6,459元,http://hotels.ctrip.com/hotel/998168.html?isFull=F#ctm_ref=hod_sr_map_dl_txt_9
60,和颐至尊酒店(北京望京798店),04,高档型,4.4,531元,http://hotels.ctrip.com/hotel/452221.html?isFull=F#ctm_ref=hod_sr_map_dl_txt_10
61,北京翔达国际商务酒店,04,国家旅游局评定为四星级,4.3,706元,http://hotels.ctrip.com/hotel/374800.html?isFull=F#ctm_ref=hod_sr_map_dl_txt_11
62,北京友方宾馆,03,舒适型,4.7,450元,http://hotels.ctrip.com/hotel/2175163.html?isFull=F#ctm_ref=hod_sr_map_dl_txt_12
63,北京海南大厦,04,高档型,4.5,669元,http://hotels.ctrip.com/hotel/793625.html?isFull=F#ctm_ref=hod_sr_map_dl_txt_13
64,桔子水晶酒店(北京南锣鼓巷酒店),04,高档型,4.8,598元,http://hotels.ctrip.com/hotel/24011689.html?isFull=F#ctm_ref=hod_sr_map_dl_txt_14
65,北京四季御园国际大酒店,04,高档型,4.4,378元,http://hotels.ctrip.com/hotel/429173.html?isFull=F#ctm_ref=hod_sr_map_dl_txt_15
66,桔子酒店·精选(北京五棵松店),03,舒适型,4.8,560元,http://hotels.ctrip.com/hotel/1816428.html?isFull=F#ctm_ref=hod_sr_map_dl_txt_16
67,桔子酒店·精选(北京西二旗店),03,舒适型,4.9,531元,http://hotels.ctrip.com/hotel/3733282.html?isFull=F#ctm_ref=hod_sr_map_dl_txt_17
68,桔子酒店(北京劲松桥东店),03,舒适型,4.6,360元,http://hotels.ctrip.com/hotel/1836257.html?isFull=F#ctm_ref=hod_sr_map_dl_txt_18
69,和颐酒店(北京石景山万达广场店),04,高档型,4.7,512元,http://hotels.ctrip.com/hotel/2801820.html?isFull=F#ctm_ref=hod_sr_map_dl_txt_19
70,桔子水晶酒店(北京前门店),04,高档型,4.8,797元,http://hotels.ctrip.com/hotel/9627725.html?isFull=F#ctm_ref=hod_sr_map_dl_txt_20
71,北京圆山大酒店,03,国家旅游局评定为三星级,4.4,450元,http://hotels.ctrip.com/hotel/1067773.html?isFull=F#ctm_ref=hod_sr_map_dl_txt_21
72,北京Marina三里屯院子,03,舒适型,4.5,579元,http://hotels.ctrip.com/hotel/18460327.html?isFull=F#ctm_ref=hod_sr_map_dl_txt_22
73,桔子水晶酒店(北京安贞店),04,高档型,4.8,693元,http://hotels.ctrip.com/hotel/1725911.html?isFull=F#ctm_ref=hod_sr_map_dl_txt_23
74,桔子酒店·精选(北京亦庄同济南路店),03,舒适型,4.9,522元,http://hotels.ctrip.com/hotel/2605097.html?isFull=F#ctm_ref=hod_sr_map_dl_txt_24
75,桔子酒店·精选(北京广安门店),03,舒适型,4.8,598元,http://hotels.ctrip.com/hotel/16094681.html?isFull=F#ctm_ref=hod_sr_map_dl_txt_25
76,时光漫步怀旧主题酒店(北京西单店),03,舒适型,4.7,608元,http://hotels.ctrip.com/hotel/1577161.html?isFull=F#ctm_ref=hod_sr_map_dl_txt_1
77,北京馨乐庭服务公寓,04,高档型,4.4,769元,http://hotels.ctrip.com/hotel/512874.html?isFull=F#ctm_ref=hod_sr_map_dl_txt_2
78,北京明德宾舍新世界中心公寓店,02,经济型,4.7,506元,http://hotels.ctrip.com/hotel/2877651.html?isFull=F#ctm_ref=hod_sr_map_dl_txt_3
79,DY主题酒店(北京百子湾地铁站店)(原DY酒店式公寓),03,舒适型,4.3,399元,http://hotels.ctrip.com/hotel/2291519.html?isFull=F#ctm_ref=hod_sr_map_dl_txt_4
80,北京未名四合院酒店(南锣后海店),04,高档型,4.7,511元,http://hotels.ctrip.com/hotel/374774.html?isFull=F#ctm_ref=hod_sr_map_dl_txt_5
81,北京云逸酒店,04,高档型,4.6,329元,http://hotels.ctrip.com/hotel/7514902.html?isFull=F#ctm_ref=hod_sr_map_dl_txt_6
82,北京亦庄亚朵酒店,04,高档型,4.8,560元,http://hotels.ctrip.com/hotel/1419860.html?isFull=F#ctm_ref=hod_sr_map_dl_txt_7
83,魔尔公寓(北京魏公村店),02,经济型,4.5,497元,http://hotels.ctrip.com/hotel/7339240.html?isFull=F#ctm_ref=hod_sr_map_dl_txt_8
84,桔子酒店·精选(北京西直门店),03,舒适型,4.9,636元,http://hotels.ctrip.com/hotel/1816619.html?isFull=F#ctm_ref=hod_sr_map_dl_txt_9
85,桔子酒店·精选(北京光明桥店),03,舒适型,4.8,427元,http://hotels.ctrip.com/hotel/13598382.html?isFull=F#ctm_ref=hod_sr_map_dl_txt_10
86,北京金泰海博大酒店,04,国家旅游局评定为四星级,4.8,499元,http://hotels.ctrip.com/hotel/429660.html?isFull=F#ctm_ref=hod_sr_map_dl_txt_11
87,北京燕莎和颐酒店,04,高档型,4.5,455元,http://hotels.ctrip.com/hotel/3644130.html?isFull=F#ctm_ref=hod_sr_map_dl_txt_12
88,桔子酒店·精选(北京大望路店),03,舒适型,4.8,512元,http://hotels.ctrip.com/hotel/9667001.html?isFull=F#ctm_ref=hod_sr_map_dl_txt_13
89,桔子酒店·精选(北京奥体中心鸟巢店),03,舒适型,4.8,550元,http://hotels.ctrip.com/hotel/1685528.html?isFull=F#ctm_ref=hod_sr_map_dl_txt_14
90,北京新华联丽景温泉酒店,05,豪华型,4.5,740元,http://hotels.ctrip.com/hotel/3663441.html?isFull=F#ctm_ref=hod_sr_map_dl_txt_15
91,桔子水晶酒店(北京西客站南广场店)(原章丘海泰饭店),04,高档型,4.7,655元,http://hotels.ctrip.com/hotel/2304609.html?isFull=F#ctm_ref=hod_sr_map_dl_txt_16
92,桔子酒店·精选(北京亦庄万源街店),03,舒适型,4.9,636元,http://hotels.ctrip.com/hotel/1828164.html?isFull=F#ctm_ref=hod_sr_map_dl_txt_17
93,北京凯盛兴丰国际酒店,04,高档型,4.3,358元,http://hotels.ctrip.com/hotel/429492.html?isFull=F#ctm_ref=hod_sr_map_dl_txt_18
94,希岸酒店(北京三里屯店),04,高档型,4.4,511元,http://hotels.ctrip.com/hotel/5448700.html?isFull=F#ctm_ref=hod_sr_map_dl_txt_19
95,北京城南旧事精品文化酒店,04,高档型,4.6,458元,http://hotels.ctrip.com/hotel/4035013.html?isFull=F#ctm_ref=hod_sr_map_dl_txt_20
96,北京中煤宾馆,03,舒适型,4.6,469元,http://hotels.ctrip.com/hotel/2298351.html?isFull=F#ctm_ref=hod_sr_map_dl_txt_21
97,桔子酒店·精选(北京天坛店),03,舒适型,4.8,541元,http://hotels.ctrip.com/hotel/6435487.html?isFull=F#ctm_ref=hod_sr_map_dl_txt_22
98,北京美神宫温泉城堡酒店,03,舒适型,4.1,411元,http://hotels.ctrip.com/hotel/781015.html?isFull=F#ctm_ref=hod_sr_map_dl_txt_23
99,桔子酒店·精选(北京西客站店),03,舒适型,4.8,579元,http://hotels.ctrip.com/hotel/1073562.html?isFull=F#ctm_ref=hod_sr_map_dl_txt_24
100,如家精选酒店(北京东四店),03,舒适型,4.8,579元,http://hotels.ctrip.com/hotel/5226364.html?isFull=F#ctm_ref=hod_sr_map_dl_txt_25
101,桔子酒店·精选(北京总部基地店),03,舒适型,4.9,541元,http://hotels.ctrip.com/hotel/2016861.html?isFull=F#ctm_ref=hod_sr_map_dl_txt_1
102,桔子酒店·精选(北京官园桥店),03,舒适型,4.8,769元,http://hotels.ctrip.com/hotel/1806143.html?isFull=F#ctm_ref=hod_sr_map_dl_txt_2
103,桔子酒店·精选(北京十里河店),03,舒适型,4.9,496元,http://hotels.ctrip.com/hotel/5431331.html?isFull=F#ctm_ref=hod_sr_map_dl_txt_3
104,雅居服务公寓(北京五道口清华大学店),02,经济型,4.5,328元,http://hotels.ctrip.com/hotel/1068684.html?isFull=F#ctm_ref=hod_sr_map_dl_txt_4
105,北京朝阳公园郡王府和颐酒店(原郡王府饭店),04,高档型,4.7,650元,http://hotels.ctrip.com/hotel/2231241.html?isFull=F#ctm_ref=hod_sr_map_dl_txt_5
106,北京西西里度假庄园,04,高档型,4.7,738元,http://hotels.ctrip.com/hotel/6473897.html?isFull=F#ctm_ref=hod_sr_map_dl_txt_6
107,北京华尔顿酒店(原鸿坤国际大酒店),04,高档型,4.0,567元,http://hotels.ctrip.com/hotel/457234.html?isFull=F#ctm_ref=hod_sr_map_dl_txt_7
108,北京王府井东华饭店,02,经济型,4.1,419元,http://hotels.ctrip.com/hotel/1771124.html?isFull=F#ctm_ref=hod_sr_map_dl_txt_8
109,和颐酒店(北京天坛店),04,高档型,4.7,674元,http://hotels.ctrip.com/hotel/2703098.html?isFull=F#ctm_ref=hod_sr_map_dl_txt_9
110,北京金台夕照酒店,04,高档型,4.4,608元,http://hotels.ctrip.com/hotel/374786.html?isFull=F#ctm_ref=hod_sr_map_dl_txt_10
111,城家精选公寓(北京三里屯店),,经济型,4.5,380元,http://hotels.ctrip.com/hotel/8523945.html?isFull=F#ctm_ref=hod_sr_map_dl_txt_11
112,北京何所有酒店,04,高档型,4.4,552元,http://hotels.ctrip.com/hotel/5305618.html?isFull=F#ctm_ref=hod_sr_map_dl_txt_12
113,桔子酒店·精选(北京五棵松青塔东里店)(原五棵松大成路店),03,舒适型,4.8,569元,http://hotels.ctrip.com/hotel/28484917.html?isFull=F#ctm_ref=hod_sr_map_dl_txt_13
114,北京天坛饭店,04,国家旅游局评定为四星级,4.1,759元,http://hotels.ctrip.com/hotel/608345.html?isFull=F#ctm_ref=hod_sr_map_dl_txt_14
115,北京君颐润华酒店,05,豪华型,4.4,568元,http://hotels.ctrip.com/hotel/1273120.html?isFull=F#ctm_ref=hod_sr_map_dl_txt_15
116,北京乐活新青年社区,03,舒适型,4.6,516元,http://hotels.ctrip.com/hotel/8202515.html?isFull=F#ctm_ref=hod_sr_map_dl_txt_16
117,桔子水晶酒店(北京总部基地店),04,高档型,4.9,721元,http://hotels.ctrip.com/hotel/2043832.html?isFull=F#ctm_ref=hod_sr_map_dl_txt_17
118,北京天健宾馆,04,高档型,4.7,871元,http://hotels.ctrip.com/hotel/1013656.html?isFull=F#ctm_ref=hod_sr_map_dl_txt_18
119,北京行者居酒店,04,高档型,4.6,406元,http://hotels.ctrip.com/hotel/2137115.html?isFull=F#ctm_ref=hod_sr_map_dl_txt_19
120,北京国图宾馆,03,舒适型,4.5,598元,http://hotels.ctrip.com/hotel/2302874.html?isFull=F#ctm_ref=hod_sr_map_dl_txt_20
121,如家精选酒店(北京五棵松店),03,舒适型,4.8,522元,http://hotels.ctrip.com/hotel/13366625.html?isFull=F#ctm_ref=hod_sr_map_dl_txt_21
122,北京中油宾馆(海淀分部)(原梦溪宾馆),03,舒适型,4.3,479元,http://hotels.ctrip.com/hotel/1477161.html?isFull=F#ctm_ref=hod_sr_map_dl_txt_22
123,桔子酒店·精选(北京天宁寺店),03,舒适型,4.9,721元,http://hotels.ctrip.com/hotel/1816376.html?isFull=F#ctm_ref=hod_sr_map_dl_txt_23
124,北京工体永利国际酒店公寓,02,经济型,4.5,506元,http://hotels.ctrip.com/hotel/2296290.html?isFull=F#ctm_ref=hod_sr_map_dl_txt_24
125,飘HOME连锁酒店(北京建国门店),02,经济型,4.3,428元,http://hotels.ctrip.com/hotel/457695.html?isFull=F#ctm_ref=hod_sr_map_dl_txt_25
126,佳龙酒店(北京朝阳门分店),03,舒适型,4.2,349元,http://hotels.ctrip.com/hotel/443568.html?isFull=F#ctm_ref=hod_sr_map_dl_txt_1
127,北京隐海文化民宿空间,04,高档型,4.7,4888元,http://hotels.ctrip.com/hotel/13759083.html?isFull=F#ctm_ref=hod_sr_map_dl_txt_2
128,北京金丝特酒店(原新疆巴州驻京联络处),02,经济型,4.5,589元,http://hotels.ctrip.com/hotel/1231824.html?isFull=F#ctm_ref=hod_sr_map_dl_txt_3
129,北京君颐百合主题酒店,03,舒适型,4.7,519元,http://hotels.ctrip.com/hotel/15718417.html?isFull=F#ctm_ref=hod_sr_map_dl_txt_4
130,北京巴比伦时尚酒店,02,经济型,4.0,228元,http://hotels.ctrip.com/hotel/793933.html?isFull=F#ctm_ref=hod_sr_map_dl_txt_5
131,北京瑰丽酒店,05,豪华型,4.8,2066元,http://hotels.ctrip.com/hotel/1198297.html?isFull=F#ctm_ref=hod_sr_map_dl_txt_6
132,北京万达文华酒店,05,国家旅游局评定为五星级,4.6,1218元,http://hotels.ctrip.com/hotel/375511.html?isFull=F#ctm_ref=hod_sr_map_dl_txt_7
133,北京唐拉雅秀酒店,05,豪华型,4.5,950元,http://hotels.ctrip.com/hotel/374783.html?isFull=F#ctm_ref=hod_sr_map_dl_txt_8
134,北京长城饭店(原喜来登长城饭店),05,国家旅游局评定为五星级,4.4,668元,http://hotels.ctrip.com/hotel/347310.html?isFull=F#ctm_ref=hod_sr_map_dl_txt_9
135,北京长富宫饭店,05,国家旅游局评定为五星级,4.7,878元,http://hotels.ctrip.com/hotel/427807.html?isFull=F#ctm_ref=hod_sr_map_dl_txt_10
136,北京华尔道夫酒店,05,豪华型,4.8,2075元,http://hotels.ctrip.com/hotel/735707.html?isFull=F#ctm_ref=hod_sr_map_dl_txt_11
137,北京王府井希尔顿酒店,05,豪华型,4.6,1453元,http://hotels.ctrip.com/hotel/347308.html?isFull=F#ctm_ref=hod_sr_map_dl_txt_12
138,北京泰富酒店,05,豪华型,4.8,1216元,http://hotels.ctrip.com/hotel/5032132.html?isFull=F#ctm_ref=hod_sr_map_dl_txt_13
139,北京京伦饭店,04,国家旅游局评定为四星级,4.4,653元,http://hotels.ctrip.com/hotel/374791.html?isFull=F#ctm_ref=hod_sr_map_dl_txt_14
140,北京五洲大酒店,04,国家旅游局评定为四星级,4.5,590元,http://hotels.ctrip.com/hotel/444709.html?isFull=F#ctm_ref=hod_sr_map_dl_txt_15
141,北京贵州大厦,04,国家旅游局评定为四星级,4.7,804元,http://hotels.ctrip.com/hotel/437222.html?isFull=F#ctm_ref=hod_sr_map_dl_txt_16
142,北京鹏润国际大酒店,05,国家旅游局评定为五星级,4.6,716元,http://hotels.ctrip.com/hotel/427091.html?isFull=F#ctm_ref=hod_sr_map_dl_txt_17
143,北京未名君合酒店(原君和泰酒店),03,舒适型,4.8,459元,http://hotels.ctrip.com/hotel/19535460.html?isFull=F#ctm_ref=hod_sr_map_dl_txt_18
144,北京三里屯通盈中心洲际酒店,05,豪华型,4.8,1826元,http://hotels.ctrip.com/hotel/5659815.html?isFull=F#ctm_ref=hod_sr_map_dl_txt_19
145,北京天伦松鹤大饭店,04,国家旅游局评定为四星级,4.5,598元,http://hotels.ctrip.com/hotel/443694.html?isFull=F#ctm_ref=hod_sr_map_dl_txt_20
146,北京丽苑公寓,05,豪华型,4.7,1488元,http://hotels.ctrip.com/hotel/661166.html?isFull=F#ctm_ref=hod_sr_map_dl_txt_21
147,北京西苑饭店,05,国家旅游局评定为五星级,4.5,558元,http://hotels.ctrip.com/hotel/440888.html?isFull=F#ctm_ref=hod_sr_map_dl_txt_22
148,北京璞邸酒店,05,国家旅游局评定为五星级,4.5,752元,http://hotels.ctrip.com/hotel/374775.html?isFull=F#ctm_ref=hod_sr_map_dl_txt_23
149,北京名人国际大酒店,05,国家旅游局评定为五星级,4.5,896元,http://hotels.ctrip.com/hotel/429111.html?isFull=F#ctm_ref=hod_sr_map_dl_txt_24
150,北京首都宾馆,05,国家旅游局评定为五星级,4.6,2699元,http://hotels.ctrip.com/hotel/374781.html?isFull=F#ctm_ref=hod_sr_map_dl_txt_25
151,秋果酒店(北京崇文门店),04,高档型,4.9,545元,http://hotels.ctrip.com/hotel/24087279.html?isFull=F#ctm_ref=hod_sr_map_dl_txt_1
152,北京乐多港万豪酒店,05,豪华型,4.6,1000元,http://hotels.ctrip.com/hotel/21132087.html?isFull=F#ctm_ref=hod_sr_map_dl_txt_2
153,北京燕莎中心凯宾斯基饭店,05,国家旅游局评定为五星级,4.5,1380元,http://hotels.ctrip.com/hotel/347312.html?isFull=F#ctm_ref=hod_sr_map_dl_txt_3
154,北京首都机场国际酒店,04,高档型,4.0,268元,http://hotels.ctrip.com/hotel/534568.html?isFull=F#ctm_ref=hod_sr_map_dl_txt_4
155,麗枫酒店(北京广安门大观园店),03,舒适型,4.7,546元,http://hotels.ctrip.com/hotel/18550911.html?isFull=F#ctm_ref=hod_sr_map_dl_txt_5
156,速8酒店(北京天坛西门店)(原天桥店),02,经济型,4.0,439元,http://hotels.ctrip.com/hotel/668389.html?isFull=F#ctm_ref=hod_sr_map_dl_txt_6
157,北京东煌凯丽酒店,04,高档型,4.3,679元,http://hotels.ctrip.com/hotel/429484.html?isFull=F#ctm_ref=hod_sr_map_dl_txt_7
158,北京西单美爵酒店,04,国家旅游局评定为四星级,4.5,989元,http://hotels.ctrip.com/hotel/345029.html?isFull=F#ctm_ref=hod_sr_map_dl_txt_8
159,北京京泰龙国际大酒店,04,高档型,4.3,688元,http://hotels.ctrip.com/hotel/434201.html?isFull=F#ctm_ref=hod_sr_map_dl_txt_9
160,时光漫步怀旧主题酒店(北京国子监店),03,舒适型,4.7,454元,http://hotels.ctrip.com/hotel/1013930.html?isFull=F#ctm_ref=hod_sr_map_dl_txt_10
161,秋果酒店(北京十里河地铁站店),04,高档型,4.9,455元,http://hotels.ctrip.com/hotel/25887328.html?isFull=F#ctm_ref=hod_sr_map_dl_txt_11
162,麗枫酒店(北京石景山万达广场店),03,舒适型,4.6,376元,http://hotels.ctrip.com/hotel/472933.html?isFull=F#ctm_ref=hod_sr_map_dl_txt_12
163,北京香江戴斯酒店,03,舒适型,4.2,500元,http://hotels.ctrip.com/hotel/431651.html?isFull=F#ctm_ref=hod_sr_map_dl_txt_13
164,北京首都机场T3驿站,,经济型,4.7,188元,http://hotels.ctrip.com/hotel/9055402.html?isFull=F#ctm_ref=hod_sr_map_dl_txt_14
165,北京展览馆宾馆,03,国家旅游局评定为三星级,4.6,588元,http://hotels.ctrip.com/hotel/608432.html?isFull=F#ctm_ref=hod_sr_map_dl_txt_15
166,时光漫步怀旧主题酒店(北京天安门广场店)(原前门店),03,舒适型,4.8,2987元,http://hotels.ctrip.com/hotel/5380989.html?isFull=F#ctm_ref=hod_sr_map_dl_txt_16
167,北京世纪星豪酒店,03,舒适型,4.1,316元,http://hotels.ctrip.com/hotel/451176.html?isFull=F#ctm_ref=hod_sr_map_dl_txt_17
168,和颐酒店(北京东直门簋街店),04,高档型,4.5,469元,http://hotels.ctrip.com/hotel/1732956.html?isFull=F#ctm_ref=hod_sr_map_dl_txt_18
169,北京红驿栈酒店,03,舒适型,4.8,300元,http://hotels.ctrip.com/hotel/1013461.html?isFull=F#ctm_ref=hod_sr_map_dl_txt_19
170,北京龙城温德姆酒店(原龙城丽宫国际酒店),05,国家旅游局评定为五星级,4.6,788元,http://hotels.ctrip.com/hotel/895549.html?isFull=F#ctm_ref=hod_sr_map_dl_txt_20
171,北京瑜舍,05,豪华型,4.6,2026元,http://hotels.ctrip.com/hotel/429206.html?isFull=F#ctm_ref=hod_sr_map_dl_txt_21
172,北京中奥华美达大酒店,04,高档型,4.4,539元,http://hotels.ctrip.com/hotel/482952.html?isFull=F#ctm_ref=hod_sr_map_dl_txt_22
173,北京世贸天阶酒店式公寓,03,舒适型,4.5,598元,http://hotels.ctrip.com/hotel/1544356.html?isFull=F#ctm_ref=hod_sr_map_dl_txt_23
174,北京蔓兰酒店,05,豪华型,4.7,880元,http://hotels.ctrip.com/hotel/535068.html?isFull=F#ctm_ref=hod_sr_map_dl_txt_24
175,时光漫步怀旧主题酒店(北京雍和宫店),03,舒适型,4.7,436元,http://hotels.ctrip.com/hotel/1181544.html?isFull=F#ctm_ref=hod_sr_map_dl_txt_25
176,北京益泉花园酒店,03,舒适型,4.4,539元,http://hotels.ctrip.com/hotel/436072.html?isFull=F#ctm_ref=hod_sr_map_dl_txt_1
177,北京悦居·中国(原宏悦商务酒店(北京望京SOHO店)),02,经济型,4.8,498元,http://hotels.ctrip.com/hotel/1700971.html?isFull=F#ctm_ref=hod_sr_map_dl_txt_2
178,北京长安街天府尊雅酒店(原长安街W酒店),05,豪华型,4.7,1488元,http://hotels.ctrip.com/hotel/1286148.html?isFull=F#ctm_ref=hod_sr_map_dl_txt_3
179,北京商务会馆,04,国家旅游局评定为四星级,4.5,478元,http://hotels.ctrip.com/hotel/825971.html?isFull=F#ctm_ref=hod_sr_map_dl_txt_4
180,北京翠明庄宾馆,04,国家旅游局评定为四星级,4.6,650元,http://hotels.ctrip.com/hotel/427321.html?isFull=F#ctm_ref=hod_sr_map_dl_txt_5
181,飘HOME连锁酒店(北京西客站店),02,经济型,4.4,244元,http://hotels.ctrip.com/hotel/447443.html?isFull=F#ctm_ref=hod_sr_map_dl_txt_6
182,北京星河湾酒店,05,豪华型,4.6,1006元,http://hotels.ctrip.com/hotel/426782.html?isFull=F#ctm_ref=hod_sr_map_dl_txt_7
183,7天连锁酒店(北京首都机场店),02,经济型,4.3,252元,http://hotels.ctrip.com/hotel/2285017.html?isFull=F#ctm_ref=hod_sr_map_dl_txt_8
184,秋果酒店(北京三元桥燕莎店),04,高档型,4.9,570元,http://hotels.ctrip.com/hotel/14280197.html?isFull=F#ctm_ref=hod_sr_map_dl_txt_9
185,全季酒店(北京石景山万达西店)(原八角游乐园店),03,舒适型,4.7,393元,http://hotels.ctrip.com/hotel/7426874.html?isFull=F#ctm_ref=hod_sr_map_dl_txt_10
186,北京和园景逸大酒店,05,豪华型,4.6,591元,http://hotels.ctrip.com/hotel/533005.html?isFull=F#ctm_ref=hod_sr_map_dl_txt_11
187,北京中乐六星酒店,05,豪华型,4.8,714元,http://hotels.ctrip.com/hotel/984991.html?isFull=F#ctm_ref=hod_sr_map_dl_txt_12
188,北京紫金宫饭店,03,舒适型,4.5,379元,http://hotels.ctrip.com/hotel/5418724.html?isFull=F#ctm_ref=hod_sr_map_dl_txt_13
189,锦江之星(北京前门店),02,经济型,4.3,319元,http://hotels.ctrip.com/hotel/835909.html?isFull=F#ctm_ref=hod_sr_map_dl_txt_14
190,北京元辰鑫国际酒店,04,国家旅游局评定为四星级,4.5,688元,http://hotels.ctrip.com/hotel/457172.html?isFull=F#ctm_ref=hod_sr_map_dl_txt_15
191,北京丽亭酒店,04,国家旅游局评定为四星级,4.7,1458元,http://hotels.ctrip.com/hotel/425031.html?isFull=F#ctm_ref=hod_sr_map_dl_txt_16
192,时光漫步怀旧主题酒店(北京国家体育总局天坛店),03,舒适型,4.7,459元,http://hotels.ctrip.com/hotel/1881966.html?isFull=F#ctm_ref=hod_sr_map_dl_txt_17
193,雅悦精致酒店(北京官园桥金融街店),02,经济型,4.8,677元,http://hotels.ctrip.com/hotel/16081014.html?isFull=F#ctm_ref=hod_sr_map_dl_txt_18
194,骊品庭院酒店(北京南锣鼓巷店),03,舒适型,4.8,688元,http://hotels.ctrip.com/hotel/6374553.html?isFull=F#ctm_ref=hod_sr_map_dl_txt_19
195,麗枫酒店(北京中关村人民大学地铁站店),04,高档型,4.7,605元,http://hotels.ctrip.com/hotel/5374007.html?isFull=F#ctm_ref=hod_sr_map_dl_txt_20
196,汉庭酒店(北京花乡天坛医院新店)(原花乡桥东店),02,经济型,4.4,246元,http://hotels.ctrip.com/hotel/10172791.html?isFull=F#ctm_ref=hod_sr_map_dl_txt_21
197,北京南宫温泉度假酒店,05,国家旅游局评定为五星级,4.1,566元,http://hotels.ctrip.com/hotel/436059.html?isFull=F#ctm_ref=hod_sr_map_dl_txt_22
198,角楼国际青年旅舍(北京天安门店),02,经济型,4.6,82元,http://hotels.ctrip.com/hotel/8549066.html?isFull=F#ctm_ref=hod_sr_map_dl_txt_23
199,北京青蓝大厦,03,国家旅游局评定为三星级,4.0,326元,http://hotels.ctrip.com/hotel/1379712.html?isFull=F#ctm_ref=hod_sr_map_dl_txt_24
200,北京欣得精品设计酒店,03,舒适型,4.6,498元,http://hotels.ctrip.com/hotel/1604197.html?isFull=F#ctm_ref=hod_sr_map_dl_txt_25
201,速8酒店(北京方庄地铁站店)(原方庄银马店),02,经济型,4.1,278元,http://hotels.ctrip.com/hotel/632424.html?isFull=F#ctm_ref=hod_sr_map_dl_txt_1
202,北京临空新国展亚朵酒店,04,高档型,4.7,551元,http://hotels.ctrip.com/hotel/30006625.html?isFull=F#ctm_ref=hod_sr_map_dl_txt_2
203,北京福永御龙国际酒店,04,高档型,4.2,463元,http://hotels.ctrip.com/hotel/845507.html?isFull=F#ctm_ref=hod_sr_map_dl_txt_3
204,北京A+麒寓酒店,02,经济型,4.5,161元,http://hotels.ctrip.com/hotel/14010040.html?isFull=F#ctm_ref=hod_sr_map_dl_txt_4
205,北京东方美高美国际酒店,05,豪华型,4.7,626元,http://hotels.ctrip.com/hotel/1171744.html?isFull=F#ctm_ref=hod_sr_map_dl_txt_5
206,7天连锁酒店(北京蓟门桥店),02,经济型,4.3,379元,http://hotels.ctrip.com/hotel/2300973.html?isFull=F#ctm_ref=hod_sr_map_dl_txt_6
207,北京四季天成酒店,03,舒适型,4.3,569元,http://hotels.ctrip.com/hotel/760206.html?isFull=F#ctm_ref=hod_sr_map_dl_txt_7
208,IU酒店(北京西客站六里桥东地铁站店),02,经济型,4.5,347元,http://hotels.ctrip.com/hotel/1925380.html?isFull=F#ctm_ref=hod_sr_map_dl_txt_8
209,三十七度水镇度假别墅（北京古北长城源著店）,03,舒适型,4.7,279元,http://hotels.ctrip.com/hotel/6929311.html?isFull=F#ctm_ref=hod_sr_map_dl_txt_9
210,贯通现代酒店(北京国展店),03,舒适型,4.5,238元,http://hotels.ctrip.com/hotel/697540.html?isFull=F#ctm_ref=hod_sr_map_dl_txt_10
211,北京瑞洁宾舍酒店,03,舒适型,4.5,529元,http://hotels.ctrip.com/hotel/1501613.html?isFull=F#ctm_ref=hod_sr_map_dl_txt_11
212,北京橡树公馆,04,高档型,4.6,1396元,http://hotels.ctrip.com/hotel/534173.html?isFull=F#ctm_ref=hod_sr_map_dl_txt_12
213,7天连锁酒店(北京西客站南广场店),02,经济型,4.3,399元,http://hotels.ctrip.com/hotel/1737645.html?isFull=F#ctm_ref=hod_sr_map_dl_txt_13
214,城市客栈(北京欢乐谷店),02,经济型,4.6,324元,http://hotels.ctrip.com/hotel/651591.html?isFull=F#ctm_ref=hod_sr_map_dl_txt_14
215,飘HOME连锁酒店(北京华贸一店)(原雅悦酒店红庙店),02,经济型,4.4,888元,http://hotels.ctrip.com/hotel/473629.html?isFull=F#ctm_ref=hod_sr_map_dl_txt_15
216,北京亚美国际酒店,04,高档型,4.1,208元,http://hotels.ctrip.com/hotel/1781207.html?isFull=F#ctm_ref=hod_sr_map_dl_txt_16
217,北京空港远航国际酒店,04,高档型,4.4,412元,http://hotels.ctrip.com/hotel/456444.html?isFull=F#ctm_ref=hod_sr_map_dl_txt_17
218,智尚酒店(北京中关村店),02,经济型,4.5,349元,http://hotels.ctrip.com/hotel/19479904.html?isFull=F#ctm_ref=hod_sr_map_dl_txt_18
219,山水时尚酒店(北京怀柔店),04,高档型,4.6,396元,http://hotels.ctrip.com/hotel/859259.html?isFull=F#ctm_ref=hod_sr_map_dl_txt_19
220,北京古韵坊怡景酒店,03,舒适型,4.3,429元,http://hotels.ctrip.com/hotel/374779.html?isFull=F#ctm_ref=hod_sr_map_dl_txt_20
221,北京汇园酒店公寓(贵宾楼),05,豪华型,4.6,689元,http://hotels.ctrip.com/hotel/1216806.html?isFull=F#ctm_ref=hod_sr_map_dl_txt_21
222,北京龙城华美达酒店,04,高档型,4.6,708元,http://hotels.ctrip.com/hotel/846998.html?isFull=F#ctm_ref=hod_sr_map_dl_txt_22
223,北京宣武门商务酒店,03,国家旅游局评定为三星级,4.5,2880元,http://hotels.ctrip.com/hotel/431407.html?isFull=F#ctm_ref=hod_sr_map_dl_txt_23
224,北京蓝地时尚庄园,04,高档型,4.5,299元,http://hotels.ctrip.com/hotel/917721.html?isFull=F#ctm_ref=hod_sr_map_dl_txt_24
225,北京中国石化会议中心,04,高档型,4.7,399元,http://hotels.ctrip.com/hotel/1602274.html?isFull=F#ctm_ref=hod_sr_map_dl_txt_25
226,北京上园饭店,03,国家旅游局评定为三星级,4.2,393元,http://hotels.ctrip.com/hotel/1701265.html?isFull=F#ctm_ref=hod_sr_map_dl_txt_1
227,北京遇丶酒店,03,舒适型,4.8,509元,http://hotels.ctrip.com/hotel/29851826.html?isFull=F#ctm_ref=hod_sr_map_dl_txt_2
228,东方圣达文化酒店(北京南锣鼓巷后海店),03,舒适型,4.7,394元,http://hotels.ctrip.com/hotel/2612318.html?isFull=F#ctm_ref=hod_sr_map_dl_txt_3
229,桔子酒店·精选(北京上地环岛店)(原龙泉湖酒店),03,舒适型,4.8,579元,http://hotels.ctrip.com/hotel/2298654.html?isFull=F#ctm_ref=hod_sr_map_dl_txt_4
230,北京乐盟酒店,02,经济型,4.5,376元,http://hotels.ctrip.com/hotel/456473.html?isFull=F#ctm_ref=hod_sr_map_dl_txt_5
231,北京北岸公寓,02,经济型,4.6,588元,http://hotels.ctrip.com/hotel/25769416.html?isFull=F#ctm_ref=hod_sr_map_dl_txt_6
232,北京七天京颐酒店,02,经济型,4.2,289元,http://hotels.ctrip.com/hotel/1737540.html?isFull=F#ctm_ref=hod_sr_map_dl_txt_7
233,北京国宾大厦,03,舒适型,4.2,337元,http://hotels.ctrip.com/hotel/1860548.html?isFull=F#ctm_ref=hod_sr_map_dl_txt_8
234,宾安思·丽都公寓(北京望京酒仙桥798丽都店),04,高档型,4.7,631元,http://hotels.ctrip.com/hotel/5999483.html?isFull=F#ctm_ref=hod_sr_map_dl_txt_9
235,G+公寓(北京金茂府店),03,舒适型,4.3,456元,http://hotels.ctrip.com/hotel/1121666.html?isFull=F#ctm_ref=hod_sr_map_dl_txt_10
236,Q加·北京乐酷花园主题酒店,02,经济型,4.7,228元,http://hotels.ctrip.com/hotel/6072001.html?isFull=F#ctm_ref=hod_sr_map_dl_txt_11
237,北京未名视界摄影主题酒店,02,经济型,4.7,367元,http://hotels.ctrip.com/hotel/753975.html?isFull=F#ctm_ref=hod_sr_map_dl_txt_12
238,北京可丽亚宾馆,03,舒适型,4.1,288元,http://hotels.ctrip.com/hotel/698732.html?isFull=F#ctm_ref=hod_sr_map_dl_txt_13
239,如家精选酒店(北京芍药居文学馆路地铁站店),03,舒适型,4.8,474元,http://hotels.ctrip.com/hotel/8898272.html?isFull=F#ctm_ref=hod_sr_map_dl_txt_14
240,北京前门皇家驿栈,05,豪华型,4.4,702元,http://hotels.ctrip.com/hotel/848787.html?isFull=F#ctm_ref=hod_sr_map_dl_txt_15
241,北京玛雅岛酒店,04,高档型,4.6,729元,http://hotels.ctrip.com/hotel/469749.html?isFull=F#ctm_ref=hod_sr_map_dl_txt_16
242,北京首都机场丽豪商务酒店,03,舒适型,4.1,238元,http://hotels.ctrip.com/hotel/1015572.html?isFull=F#ctm_ref=hod_sr_map_dl_txt_17
243,7天连锁酒店(北京三元桥地铁站国展中心店),02,经济型,4.2,263元,http://hotels.ctrip.com/hotel/2301529.html?isFull=F#ctm_ref=hod_sr_map_dl_txt_18
244,北京子美酒店,04,高档型,4.9,289元,http://hotels.ctrip.com/hotel/19635743.html?isFull=F#ctm_ref=hod_sr_map_dl_txt_19
245,京成商务酒店(北京十里河地铁站店),02,经济型,4.6,303元,http://hotels.ctrip.com/hotel/2291200.html?isFull=F#ctm_ref=hod_sr_map_dl_txt_20
246,速8酒店(北京北沙滩店),02,经济型,4.7,336元,http://hotels.ctrip.com/hotel/9730146.html?isFull=F#ctm_ref=hod_sr_map_dl_txt_21
247,北京正义路华纺商务酒店(北京正义路酒店),03,舒适型,4.4,398元,http://hotels.ctrip.com/hotel/763859.html?isFull=F#ctm_ref=hod_sr_map_dl_txt_22
248,斑斓·家公寓(北京望京博雅店),02,经济型,4.9,582元,http://hotels.ctrip.com/hotel/10157700.html?isFull=F#ctm_ref=hod_sr_map_dl_txt_23
249,和颐酒店(北京前门店),04,高档型,4.6,721元,http://hotels.ctrip.com/hotel/3183961.html?isFull=F#ctm_ref=hod_sr_map_dl_txt_24
250,7天连锁酒店(北京北沙滩地铁站店),02,经济型,4.5,305元,http://hotels.ctrip.com/hotel/2043297.html?isFull=F#ctm_ref=hod_sr_map_dl_txt_25
251,邸曼公寓(北京金茂府店),03,舒适型,4.8,503元,http://hotels.ctrip.com/hotel/1959560.html?isFull=F#ctm_ref=hod_sr_map_dl_txt_1
252,麗枫酒店(北京马驹桥店),03,舒适型,4.8,423元,http://hotels.ctrip.com/hotel/14284387.html?isFull=F#ctm_ref=hod_sr_map_dl_txt_2
253,北京新世界家美酒店式公寓,02,经济型,4.7,579元,http://hotels.ctrip.com/hotel/4033968.html?isFull=F#ctm_ref=hod_sr_map_dl_txt_3
254,北京金宝花园酒店,04,高档型,4.4,366元,http://hotels.ctrip.com/hotel/513299.html?isFull=F#ctm_ref=hod_sr_map_dl_txt_4
255,欢墅·度假别墅(北京古北长城源著店),05,豪华型,4.8,390元,http://hotels.ctrip.com/hotel/6057426.html?isFull=F#ctm_ref=hod_sr_map_dl_txt_5
256,北京优客里里酒店公寓通州新光大中心店,02,经济型,4.7,281元,http://hotels.ctrip.com/hotel/10128319.html?isFull=F#ctm_ref=hod_sr_map_dl_txt_6
257,北京国都大饭店,04,国家旅游局评定为四星级,4.3,648元,http://hotels.ctrip.com/hotel/429500.html?isFull=F#ctm_ref=hod_sr_map_dl_txt_7
258,北京蔻思酒店,03,舒适型,4.5,354元,http://hotels.ctrip.com/hotel/4723906.html?isFull=F#ctm_ref=hod_sr_map_dl_txt_8
259,北京北纬四十度大酒店,04,高档型,4.4,523元,http://hotels.ctrip.com/hotel/457186.html?isFull=F#ctm_ref=hod_sr_map_dl_txt_9
260,北京觅舍酒店,04,高档型,4.7,680元,http://hotels.ctrip.com/hotel/19054886.html?isFull=F#ctm_ref=hod_sr_map_dl_txt_10
261,雅诗国际酒店式公寓,02,经济型,4.6,408元,http://hotels.ctrip.com/hotel/17287268.html?isFull=F#ctm_ref=hod_sr_map_dl_txt_11
262,北京和平里大酒店,03,国家旅游局评定为三星级,4.4,657元,http://hotels.ctrip.com/hotel/736642.html?isFull=F#ctm_ref=hod_sr_map_dl_txt_12
263,龙珠堂精品四合院酒店(北京天安门店),04,高档型,4.6,429元,http://hotels.ctrip.com/hotel/1597521.html?isFull=F#ctm_ref=hod_sr_map_dl_txt_13
264,北京锦江富园大酒店,05,豪华型,4.5,738元,http://hotels.ctrip.com/hotel/454991.html?isFull=F#ctm_ref=hod_sr_map_dl_txt_14
265,影宿电影主题酒店(北京通州万达广场店),02,经济型,4.6,254元,http://hotels.ctrip.com/hotel/3689252.html?isFull=F#ctm_ref=hod_sr_map_dl_txt_15
266,北京半岛·燕山会议中心,03,舒适型,4.6,519元,http://hotels.ctrip.com/hotel/5345694.html?isFull=F#ctm_ref=hod_sr_map_dl_txt_16
267,OneDay高级酒店公寓(北京新国展店),03,舒适型,4.9,517元,http://hotels.ctrip.com/hotel/17265798.html?isFull=F#ctm_ref=hod_sr_map_dl_txt_17
268,XY酒店公寓(北京东直门簋街店),03,舒适型,4.6,399元,http://hotels.ctrip.com/hotel/5656624.html?isFull=F#ctm_ref=hod_sr_map_dl_txt_18
269,北京好特热温泉酒店,04,国家旅游局评定为四星级,4.2,433元,http://hotels.ctrip.com/hotel/701666.html?isFull=F#ctm_ref=hod_sr_map_dl_txt_19
270,北京前门国帅宾馆,,经济型,4.1,320元,http://hotels.ctrip.com/hotel/5249862.html?isFull=F#ctm_ref=hod_sr_map_dl_txt_20
271,全季酒店(北京通州运河西路店),03,舒适型,4.8,417元,http://hotels.ctrip.com/hotel/1467104.html?isFull=F#ctm_ref=hod_sr_map_dl_txt_21
272,北京凯乐快捷宾馆,02,经济型,4.2,289元,http://hotels.ctrip.com/hotel/1282017.html?isFull=F#ctm_ref=hod_sr_map_dl_txt_22
273,北京康铭大厦,03,舒适型,4.4,349元,http://hotels.ctrip.com/hotel/772854.html?isFull=F#ctm_ref=hod_sr_map_dl_txt_23
274,北京喜马拉雅宾馆,02,经济型,4.5,339元,http://hotels.ctrip.com/hotel/907367.html?isFull=F#ctm_ref=hod_sr_map_dl_txt_24
275,北京阅微庄四合院宾馆,04,高档型,4.7,720元,http://hotels.ctrip.com/hotel/436905.html?isFull=F#ctm_ref=hod_sr_map_dl_txt_25
276,7天连锁酒店(北京前门店),02,经济型,4.0,285元,http://hotels.ctrip.com/hotel/1254138.html?isFull=F#ctm_ref=hod_sr_map_dl_txt_1
277,北京新族酒店,03,舒适型,4.2,389元,http://hotels.ctrip.com/hotel/810470.html?isFull=F#ctm_ref=hod_sr_map_dl_txt_2
278,北京古韵坊木艺主题酒店,04,高档型,4.4,459元,http://hotels.ctrip.com/hotel/772176.html?isFull=F#ctm_ref=hod_sr_map_dl_txt_3
279,北京钓鱼台大酒店,05,豪华型,4.6,1019元,http://hotels.ctrip.com/hotel/918302.html?isFull=F#ctm_ref=hod_sr_map_dl_txt_4
280,7天连锁酒店(北京奥林匹克公园宝盛里店),02,经济型,4.5,212元,http://hotels.ctrip.com/hotel/1737527.html?isFull=F#ctm_ref=hod_sr_map_dl_txt_5
281,北京云水遥山居温泉度假山庄,04,高档型,4.7,636元,http://hotels.ctrip.com/hotel/12825996.html?isFull=F#ctm_ref=hod_sr_map_dl_txt_6
282,北京可心精品度假别墅,04,高档型,4.7,219元,http://hotels.ctrip.com/hotel/8025058.html?isFull=F#ctm_ref=hod_sr_map_dl_txt_7
283,7天连锁酒店(北京农大南路店),02,经济型,4.5,484元,http://hotels.ctrip.com/hotel/1737538.html?isFull=F#ctm_ref=hod_sr_map_dl_txt_8
284,斑斓家公寓(北京望京SOHO店),,经济型,4.8,495元,http://hotels.ctrip.com/hotel/7078393.html?isFull=F#ctm_ref=hod_sr_map_dl_txt_9
285,北京米佳丽呈酒店,04,高档型,4.5,406元,http://hotels.ctrip.com/hotel/18446786.html?isFull=F#ctm_ref=hod_sr_map_dl_txt_10
286,北京青竹宾馆,03,舒适型,4.5,440元,http://hotels.ctrip.com/hotel/2299205.html?isFull=F#ctm_ref=hod_sr_map_dl_txt_11
287,和颐酒店(北京颐和园店),04,高档型,4.6,541元,http://hotels.ctrip.com/hotel/821145.html?isFull=F#ctm_ref=hod_sr_map_dl_txt_12
288,北京名品臻享酒店,02,经济型,4.6,378元,http://hotels.ctrip.com/hotel/18550920.html?isFull=F#ctm_ref=hod_sr_map_dl_txt_13
289,7天连锁酒店(北京海淀上庄店),02,经济型,4.1,314元,http://hotels.ctrip.com/hotel/4964555.html?isFull=F#ctm_ref=hod_sr_map_dl_txt_14
290,7天连锁酒店(北京亦庄万源街地铁站店),02,经济型,4.4,262元,http://hotels.ctrip.com/hotel/1737562.html?isFull=F#ctm_ref=hod_sr_map_dl_txt_15
291,北京映向胡同酒店,02,经济型,4.7,458元,http://hotels.ctrip.com/hotel/7008186.html?isFull=F#ctm_ref=hod_sr_map_dl_txt_16
292,北京赢家商务酒店,03,舒适型,4.2,328元,http://hotels.ctrip.com/hotel/2298536.html?isFull=F#ctm_ref=hod_sr_map_dl_txt_17
293,北京佰禾精品商务酒店,04,高档型,4.4,246元,http://hotels.ctrip.com/hotel/13801907.html?isFull=F#ctm_ref=hod_sr_map_dl_txt_18
294,北京荣府老宅四合院酒店,03,舒适型,4.7,599元,http://hotels.ctrip.com/hotel/4852623.html?isFull=F#ctm_ref=hod_sr_map_dl_txt_19
295,北京百纳烟台山商务酒店,04,高档型,4.8,869元,http://hotels.ctrip.com/hotel/1098783.html?isFull=F#ctm_ref=hod_sr_map_dl_txt_20
296,北京嘉恒同心酒店,02,经济型,4.7,339元,http://hotels.ctrip.com/hotel/5309178.html?isFull=F#ctm_ref=hod_sr_map_dl_txt_21
297,城家精选公寓(北京望京店)(原城家望京北欧公寓),,经济型,4.6,446元,http://hotels.ctrip.com/hotel/8435930.html?isFull=F#ctm_ref=hod_sr_map_dl_txt_22
298,水镇美乐家度假别墅(北京古北长城源著店)(原古北口店),02,经济型,4.8,232元,http://hotels.ctrip.com/hotel/6064267.html?isFull=F#ctm_ref=hod_sr_map_dl_txt_23
299,7天连锁酒店(北京西客站丽泽桥店),02,经济型,4.2,232元,http://hotels.ctrip.com/hotel/1737667.html?isFull=F#ctm_ref=hod_sr_map_dl_txt_24
300,北京德胜饭店,03,国家旅游局评定为三星级,4.3,369元,http://hotels.ctrip.com/hotel/457552.html?isFull=F#ctm_ref=hod_sr_map_dl_txt_25
301,北京古北云筑家庭亲子主题别墅,02,经济型,4.9,1088元,http://hotels.ctrip.com/hotel/12223549.html?isFull=F#ctm_ref=hod_sr_map_dl_txt_1
302,希岸酒店(北京北苑店),03,舒适型,4.6,399元,http://hotels.ctrip.com/hotel/760201.html?isFull=F#ctm_ref=hod_sr_map_dl_txt_2
303,7天连锁酒店(北京石景山古城地铁站店),02,经济型,4.5,242元,http://hotels.ctrip.com/hotel/1737623.html?isFull=F#ctm_ref=hod_sr_map_dl_txt_3
304,7天优品酒店(北京新世界百货店),,经济型,4.5,262元,http://hotels.ctrip.com/hotel/5384303.html?isFull=F#ctm_ref=hod_sr_map_dl_txt_4
305,天天如家自助服务式公寓(北京健翔桥店),02,经济型,4.6,319元,http://hotels.ctrip.com/hotel/1578403.html?isFull=F#ctm_ref=hod_sr_map_dl_txt_5
306,北京蓝帕国际酒店,04,高档型,4.5,269元,http://hotels.ctrip.com/hotel/6517135.html?isFull=F#ctm_ref=hod_sr_map_dl_txt_6
307,北京来不轻旅酒店,02,经济型,4.7,100元,http://hotels.ctrip.com/hotel/23223115.html?isFull=F#ctm_ref=hod_sr_map_dl_txt_7
308,7天连锁酒店(北京动物园店),02,经济型,4.3,309元,http://hotels.ctrip.com/hotel/2042243.html?isFull=F#ctm_ref=hod_sr_map_dl_txt_8
309,IU酒店(北京黄寺大街店),02,经济型,4.4,358元,http://hotels.ctrip.com/hotel/8898888.html?isFull=F#ctm_ref=hod_sr_map_dl_txt_9
310,瑞英阁服务式公寓(上东8号店),02,经济型,4.4,384元,http://hotels.ctrip.com/hotel/1518271.html?isFull=F#ctm_ref=hod_sr_map_dl_txt_10
311,希岸·轻雅酒店(北京顺义地铁站店),04,高档型,4.5,338元,http://hotels.ctrip.com/hotel/1389783.html?isFull=F#ctm_ref=hod_sr_map_dl_txt_11
312,格林豪泰(北京首都机场T3馨港店),02,经济型,4.4,237元,http://hotels.ctrip.com/hotel/6026088.html?isFull=F#ctm_ref=hod_sr_map_dl_txt_12
313,北京河北迎宾馆,03,舒适型,4.2,466元,http://hotels.ctrip.com/hotel/1497663.html?isFull=F#ctm_ref=hod_sr_map_dl_txt_13
314,北京星汉传媒机场快捷酒店,02,经济型,4.5,282元,http://hotels.ctrip.com/hotel/11160216.html?isFull=F#ctm_ref=hod_sr_map_dl_txt_14
315,北京厚道酒店,02,经济型,4.1,358元,http://hotels.ctrip.com/hotel/1115615.html?isFull=F#ctm_ref=hod_sr_map_dl_txt_15
316,拜登别院·北京古北口店,03,舒适型,4.5,206元,http://hotels.ctrip.com/hotel/5558158.html?isFull=F#ctm_ref=hod_sr_map_dl_txt_16
317,北京银龙苑宾馆,03,国家旅游局评定为三星级,4.4,754元,http://hotels.ctrip.com/hotel/2298345.html?isFull=F#ctm_ref=hod_sr_map_dl_txt_17
318,北京桂京商务酒店(原桂京宾馆国贸店),02,经济型,4.6,1298元,http://hotels.ctrip.com/hotel/1775715.html?isFull=F#ctm_ref=hod_sr_map_dl_txt_18
319,7天连锁酒店(北京鸟巢体育场店),02,经济型,4.3,316元,http://hotels.ctrip.com/hotel/2043813.html?isFull=F#ctm_ref=hod_sr_map_dl_txt_19
320,北京雷龙商务主题酒店,02,经济型,4.3,346元,http://hotels.ctrip.com/hotel/1413347.html?isFull=F#ctm_ref=hod_sr_map_dl_txt_20
321,北京京林大厦,04,国家旅游局评定为四星级,4.4,723元,http://hotels.ctrip.com/hotel/443570.html?isFull=F#ctm_ref=hod_sr_map_dl_txt_21
322,北京和敬府宾馆,04,高档型,4.6,612元,http://hotels.ctrip.com/hotel/847369.html?isFull=F#ctm_ref=hod_sr_map_dl_txt_22
323,北京斯维登度假公寓(雍和宫红云阁),04,高档型,4.5,400元,http://hotels.ctrip.com/hotel/1743526.html?isFull=F#ctm_ref=hod_sr_map_dl_txt_23
324,三只熊轻奢度假别墅(北京古北龙湖源著店),03,舒适型,4.6,408元,http://hotels.ctrip.com/hotel/6492450.html?isFull=F#ctm_ref=hod_sr_map_dl_txt_24
325,北京铂郡公寓,03,舒适型,4.1,419元,http://hotels.ctrip.com/hotel/1009315.html?isFull=F#ctm_ref=hod_sr_map_dl_txt_25
326,斑斓·家公寓(北京三里屯使馆区店),,经济型,4.8,439元,http://hotels.ctrip.com/hotel/7332741.html?isFull=F#ctm_ref=hod_sr_map_dl_txt_1
327,北京国门戴斯国际酒店,04,高档型,4.4,388元,http://hotels.ctrip.com/hotel/27862381.html?isFull=F#ctm_ref=hod_sr_map_dl_txt_2
328,花筑·南锣鼓巷贰拾号酒店(原古巷贰拾号艺术酒店),04,高档型,4.5,455元,http://hotels.ctrip.com/hotel/473871.html?isFull=F#ctm_ref=hod_sr_map_dl_txt_3
329,北京共享际国贸酒店式公寓,03,舒适型,4.5,643元,http://hotels.ctrip.com/hotel/13985703.html?isFull=F#ctm_ref=hod_sr_map_dl_txt_4
330,北京国润商务酒店,03,国家旅游局评定为三星级,4.1,376元,http://hotels.ctrip.com/hotel/1517157.html?isFull=F#ctm_ref=hod_sr_map_dl_txt_5
331,北京瑞斯山海酒店,02,经济型,4.2,441元,http://hotels.ctrip.com/hotel/1732908.html?isFull=F#ctm_ref=hod_sr_map_dl_txt_6
332,北京农军宾馆,02,经济型,4.0,218元,http://hotels.ctrip.com/hotel/2298612.html?isFull=F#ctm_ref=hod_sr_map_dl_txt_7
333,秋果酒店(北京体育总局龙潭湖店),04,高档型,5.0,480元,http://hotels.ctrip.com/hotel/27963101.html?isFull=F#ctm_ref=hod_sr_map_dl_txt_8
334,馨香雅苑公寓(北京永利国际店),03,舒适型,4.7,591元,http://hotels.ctrip.com/hotel/1615233.html?isFull=F#ctm_ref=hod_sr_map_dl_txt_9
335,北京万年青宾馆,03,国家旅游局评定为三星级,4.3,389元,http://hotels.ctrip.com/hotel/1386177.html?isFull=F#ctm_ref=hod_sr_map_dl_txt_10
336,北京CBD自如驿住宿,02,经济型,4.9,159元,http://hotels.ctrip.com/hotel/5887140.html?isFull=F#ctm_ref=hod_sr_map_dl_txt_11
337,北京准噶尔明珠酒店,03,舒适型,4.7,618元,http://hotels.ctrip.com/hotel/4998908.html?isFull=F#ctm_ref=hod_sr_map_dl_txt_12
338,城家精选公寓(北京国贸店),,经济型,4.6,407元,http://hotels.ctrip.com/hotel/8530151.html?isFull=F#ctm_ref=hod_sr_map_dl_txt_13
339,7天连锁酒店(北京西站南广场二店),02,经济型,4.0,289元,http://hotels.ctrip.com/hotel/2312052.html?isFull=F#ctm_ref=hod_sr_map_dl_txt_14
340,北京乡志圣水鸣琴精品民宿,03,舒适型,4.7,578元,http://hotels.ctrip.com/hotel/10920204.html?isFull=F#ctm_ref=hod_sr_map_dl_txt_15
341,7天连锁酒店(北京景泰地铁站天坛南门店),02,经济型,4.5,315元,http://hotels.ctrip.com/hotel/820955.html?isFull=F#ctm_ref=hod_sr_map_dl_txt_16
342,北京朵尔曼精品公寓(原私享欧式主题服务公寓),02,经济型,4.8,428元,http://hotels.ctrip.com/hotel/3797189.html?isFull=F#ctm_ref=hod_sr_map_dl_txt_17
343,波菲特怀旧主题酒店(北京南锣鼓巷店),03,舒适型,4.5,350元,http://hotels.ctrip.com/hotel/474107.html?isFull=F#ctm_ref=hod_sr_map_dl_txt_18
344,IU酒店(北京加州小镇店),02,经济型,4.5,272元,http://hotels.ctrip.com/hotel/2930262.html?isFull=F#ctm_ref=hod_sr_map_dl_txt_19
345,希岸·轻雅酒店(北京欢乐谷王四营桥店),03,舒适型,4.5,289元,http://hotels.ctrip.com/hotel/10709907.html?isFull=F#ctm_ref=hod_sr_map_dl_txt_20
346,北京呆住幽蘭酒店,03,舒适型,4.7,878元,http://hotels.ctrip.com/hotel/16975053.html?isFull=F#ctm_ref=hod_sr_map_dl_txt_21
347,影驿站3D电影主题酒店(北京鸟巢对外经贸店),02,经济型,4.8,499元,http://hotels.ctrip.com/hotel/1212045.html?isFull=F#ctm_ref=hod_sr_map_dl_txt_22
348,北京临空假日酒店,04,高档型,4.4,628元,http://hotels.ctrip.com/hotel/980232.html?isFull=F#ctm_ref=hod_sr_map_dl_txt_23
349,北京上邦戴斯精品酒店,04,高档型,4.4,518元,http://hotels.ctrip.com/hotel/5772049.html?isFull=F#ctm_ref=hod_sr_map_dl_txt_24
350,早安酒店(北京西云阁店),02,经济型,4.5,430元,http://hotels.ctrip.com/hotel/4309588.html?isFull=F#ctm_ref=hod_sr_map_dl_txt_25
351,北京兴化路宾馆,02,经济型,4.6,296元,http://hotels.ctrip.com/hotel/1641789.html?isFull=F#ctm_ref=hod_sr_map_dl_txt_1
352,北京布提克精品酒店,04,高档型,4.6,299元,http://hotels.ctrip.com/hotel/1537661.html?isFull=F#ctm_ref=hod_sr_map_dl_txt_2
353,北京枫烨园酒店,05,豪华型,4.9,2127元,http://hotels.ctrip.com/hotel/21825729.html?isFull=F#ctm_ref=hod_sr_map_dl_txt_3
354,菲所酒店公寓(北京中湾国际店),02,经济型,4.3,355元,http://hotels.ctrip.com/hotel/3180928.html?isFull=F#ctm_ref=hod_sr_map_dl_txt_4
355,北京众宜轩四合院酒店,04,高档型,4.2,630元,http://hotels.ctrip.com/hotel/8993427.html?isFull=F#ctm_ref=hod_sr_map_dl_txt_5
356,便宜居快捷酒店(北京人民大学店),02,经济型,4.2,373元,http://hotels.ctrip.com/hotel/1215627.html?isFull=F#ctm_ref=hod_sr_map_dl_txt_6
357,7天连锁酒店(北京传媒大学店),02,经济型,4.3,347元,http://hotels.ctrip.com/hotel/2041411.html?isFull=F#ctm_ref=hod_sr_map_dl_txt_7
358,欢墅·度假温泉庄园(北京新华联潮白河8号店),03,舒适型,4.9,770元,http://hotels.ctrip.com/hotel/22420017.html?isFull=F#ctm_ref=hod_sr_map_dl_txt_8
359,7天连锁酒店(北京青年路地铁站店),02,经济型,4.2,252元,http://hotels.ctrip.com/hotel/1737589.html?isFull=F#ctm_ref=hod_sr_map_dl_txt_9
360,居派空间公寓(北京五道口店),,经济型,4.4,238元,http://hotels.ctrip.com/hotel/6129786.html?isFull=F#ctm_ref=hod_sr_map_dl_txt_10
361,7天连锁酒店(北京果园环岛二店),02,经济型,4.5,158元,http://hotels.ctrip.com/hotel/1336353.html?isFull=F#ctm_ref=hod_sr_map_dl_txt_11
362,登巴国际连锁客栈(北京五道口店)(原登巴国际青年旅社),02,经济型,4.3,119元,http://hotels.ctrip.com/hotel/8549580.html?isFull=F#ctm_ref=hod_sr_map_dl_txt_12
363,北京斑斓·家公寓(润枫嘉尚店),02,经济型,4.8,459元,http://hotels.ctrip.com/hotel/13307686.html?isFull=F#ctm_ref=hod_sr_map_dl_txt_13
364,7天连锁酒店(北京通州八里桥店),02,经济型,4.2,167元,http://hotels.ctrip.com/hotel/2043932.html?isFull=F#ctm_ref=hod_sr_map_dl_txt_14
365,北京首都机场安达酒店式公寓,02,经济型,4.6,193元,http://hotels.ctrip.com/hotel/12052851.html?isFull=F#ctm_ref=hod_sr_map_dl_txt_15
366,7天优品酒店(北京昌平地铁站店),02,经济型,4.6,220元,http://hotels.ctrip.com/hotel/6210639.html?isFull=F#ctm_ref=hod_sr_map_dl_txt_16
367,北京极境山居精品度假民宿,02,经济型,4.8,197元,http://hotels.ctrip.com/hotel/6397909.html?isFull=F#ctm_ref=hod_sr_map_dl_txt_17
368,7天连锁酒店(北京朝阳北路常营地铁站店),02,经济型,4.5,284元,http://hotels.ctrip.com/hotel/2043335.html?isFull=F#ctm_ref=hod_sr_map_dl_txt_18
369,和颐至尊酒店(北京中关村软件园国际会议中心店),04,高档型,4.1,1082元,http://hotels.ctrip.com/hotel/1965006.html?isFull=F#ctm_ref=hod_sr_map_dl_txt_19
370,7天连锁酒店(北京798艺术区二店),02,经济型,4.2,316元,http://hotels.ctrip.com/hotel/1737641.html?isFull=F#ctm_ref=hod_sr_map_dl_txt_20
371,北京安贞大厦,04,高档型,4.3,601元,http://hotels.ctrip.com/hotel/915951.html?isFull=F#ctm_ref=hod_sr_map_dl_txt_21
372,北京金泰四合院容园宾馆(原容园四合院精品酒店),03,舒适型,4.5,602元,http://hotels.ctrip.com/hotel/374789.html?isFull=F#ctm_ref=hod_sr_map_dl_txt_22
373,7天连锁酒店(北京花园桥地铁站店),02,经济型,4.4,337元,http://hotels.ctrip.com/hotel/2043025.html?isFull=F#ctm_ref=hod_sr_map_dl_txt_23
374,北京空港蓝湾国际酒店,04,高档型,4.3,328元,http://hotels.ctrip.com/hotel/6473120.html?isFull=F#ctm_ref=hod_sr_map_dl_txt_24
375,北京三里屯R-KISS时尚精品酒店,04,高档型,4.5,658元,http://hotels.ctrip.com/hotel/5772681.html?isFull=F#ctm_ref=hod_sr_map_dl_txt_25
376,格林豪泰(北京延庆火车站北广场南菜园店),02,经济型,4.4,189元,http://hotels.ctrip.com/hotel/1572980.html?isFull=F#ctm_ref=hod_sr_map_dl_txt_1
377,斑斓·家公寓(北京三里屯太古里首开铂郡店),02,经济型,4.8,619元,http://hotels.ctrip.com/hotel/13786426.html?isFull=F#ctm_ref=hod_sr_map_dl_txt_2
378,北京中天假日酒店,02,经济型,4.2,284元,http://hotels.ctrip.com/hotel/2301965.html?isFull=F#ctm_ref=hod_sr_map_dl_txt_3
379,北京斯芙驿酒店,04,高档型,4.6,950元,http://hotels.ctrip.com/hotel/1118721.html?isFull=F#ctm_ref=hod_sr_map_dl_txt_4
380,汉庭酒店(北京常营店),02,经济型,4.3,332元,http://hotels.ctrip.com/hotel/1736542.html?isFull=F#ctm_ref=hod_sr_map_dl_txt_5
381,希岸轻雅酒店(北京天安门大栅栏店),03,舒适型,4.7,325元,http://hotels.ctrip.com/hotel/2337129.html?isFull=F#ctm_ref=hod_sr_map_dl_txt_6
382,福润通酒店(北京首都机场新国展店),04,高档型,4.3,248元,http://hotels.ctrip.com/hotel/14074200.html?isFull=F#ctm_ref=hod_sr_map_dl_txt_7
383,北京重庆饭店,03,国家旅游局评定为三星级,4.2,420元,http://hotels.ctrip.com/hotel/448716.html?isFull=F#ctm_ref=hod_sr_map_dl_txt_8
384,7天连锁酒店(北京华贸中心店),02,经济型,4.6,316元,http://hotels.ctrip.com/hotel/832149.html?isFull=F#ctm_ref=hod_sr_map_dl_txt_9
385,北京斑斓·家公寓公园1872店,02,经济型,4.9,559元,http://hotels.ctrip.com/hotel/12842647.html?isFull=F#ctm_ref=hod_sr_map_dl_txt_10
386,北京永利静雅酒店式公寓,02,经济型,4.8,489元,http://hotels.ctrip.com/hotel/5264915.html?isFull=F#ctm_ref=hod_sr_map_dl_txt_11
387,北京童年假日优选酒店,04,高档型,4.3,236元,http://hotels.ctrip.com/hotel/8178705.html?isFull=F#ctm_ref=hod_sr_map_dl_txt_12
388,北京臻享轻奢酒店,02,经济型,4.5,375元,http://hotels.ctrip.com/hotel/15119419.html?isFull=F#ctm_ref=hod_sr_map_dl_txt_13
389,格林豪泰(北京大兴区亦庄城乡世纪广场科创二街店),02,经济型,4.7,205元,http://hotels.ctrip.com/hotel/2261378.html?isFull=F#ctm_ref=hod_sr_map_dl_txt_14
390,麗枫酒店(北京平谷北环店)(原东晓新越酒店),04,高档型,4.8,223元,http://hotels.ctrip.com/hotel/2298370.html?isFull=F#ctm_ref=hod_sr_map_dl_txt_15
391,7天优品酒店(北京垡头欢乐谷王四营桥店 ),02,经济型,4.8,230元,http://hotels.ctrip.com/hotel/8500843.html?isFull=F#ctm_ref=hod_sr_map_dl_txt_16
392,家美世界城酒店公寓(北京世贸天阶店),02,经济型,4.5,556元,http://hotels.ctrip.com/hotel/1522545.html?isFull=F#ctm_ref=hod_sr_map_dl_txt_17
393,7天连锁酒店(北京首都机场南法信地铁站店),02,经济型,4.2,241元,http://hotels.ctrip.com/hotel/2782017.html?isFull=F#ctm_ref=hod_sr_map_dl_txt_18
394,汉庭优佳酒店(北京首都机场店),02,经济型,4.5,341元,http://hotels.ctrip.com/hotel/667122.html?isFull=F#ctm_ref=hod_sr_map_dl_txt_19
395,北京张家口饭店,03,国家旅游局评定为三星级,4.2,659元,http://hotels.ctrip.com/hotel/1299737.html?isFull=F#ctm_ref=hod_sr_map_dl_txt_20
396,北京崇学山庄,04,高档型,4.6,610元,http://hotels.ctrip.com/hotel/1942151.html?isFull=F#ctm_ref=hod_sr_map_dl_txt_21
397,7天连锁酒店(北京顺义首都机场店),02,经济型,4.0,177元,http://hotels.ctrip.com/hotel/2302003.html?isFull=F#ctm_ref=hod_sr_map_dl_txt_22
398,悦里长城景观民宿(北京八达岭店),02,经济型,4.8,475元,http://hotels.ctrip.com/hotel/9826148.html?isFull=F#ctm_ref=hod_sr_map_dl_txt_23
399,北京海晟世纪公寓(原英福瑞海晟公寓),02,经济型,4.4,394元,http://hotels.ctrip.com/hotel/2175583.html?isFull=F#ctm_ref=hod_sr_map_dl_txt_24
400,北京庭前院后精品民宿,03,舒适型,4.6,627元,http://hotels.ctrip.com/hotel/12134238.html?isFull=F#ctm_ref=hod_sr_map_dl_txt_25
401,北京中电华晶商务酒店,03,舒适型,4.8,648元,http://hotels.ctrip.com/hotel/982167.html?isFull=F#ctm_ref=hod_sr_map_dl_txt_1
402,辉腾商务酒店(北京工体店),03,舒适型,4.3,436元,http://hotels.ctrip.com/hotel/2499225.html?isFull=F#ctm_ref=hod_sr_map_dl_txt_2
403,北京永利国际公寓,02,经济型,4.7,562元,http://hotels.ctrip.com/hotel/794590.html?isFull=F#ctm_ref=hod_sr_map_dl_txt_3
404,唐山大厦,04,高档型,4.2,499元,http://hotels.ctrip.com/hotel/1860745.html?isFull=F#ctm_ref=hod_sr_map_dl_txt_4
405,逅客酒店式公寓(北京麒麟社店),,经济型,4.3,562元,http://hotels.ctrip.com/hotel/11373304.html?isFull=F#ctm_ref=hod_sr_map_dl_txt_5
406,商旅智选世茂工三公寓(北京三里屯店),02,经济型,4.7,499元,http://hotels.ctrip.com/hotel/8594517.html?isFull=F#ctm_ref=hod_sr_map_dl_txt_6
407,如家快捷酒店(北京新国展首都机场店),02,经济型,4.5,269元,http://hotels.ctrip.com/hotel/1521181.html?isFull=F#ctm_ref=hod_sr_map_dl_txt_7
408,北京格瑞斯艺术酒店,04,高档型,4.3,700元,http://hotels.ctrip.com/hotel/1115781.html?isFull=F#ctm_ref=hod_sr_map_dl_txt_8
409,富驿商旅酒店(北京亦庄店),03,舒适型,4.5,268元,http://hotels.ctrip.com/hotel/1497332.html?isFull=F#ctm_ref=hod_sr_map_dl_txt_9
410,北京古北途旅观景公寓（长城源著店）,02,经济型,4.4,287元,http://hotels.ctrip.com/hotel/8920252.html?isFull=F#ctm_ref=hod_sr_map_dl_txt_10
411,北京隆格酒店,03,国家旅游局评定为三星级,4.0,366元,http://hotels.ctrip.com/hotel/701379.html?isFull=F#ctm_ref=hod_sr_map_dl_txt_11
412,如家精选酒店(北京中关村五道口店),,经济型,0.0,512元,http://hotels.ctrip.com/hotel/29579459.html?isFull=F#ctm_ref=hod_sr_map_dl_txt_12
413,北京胜利饭店,03,国家旅游局评定为三星级,4.4,476元,http://hotels.ctrip.com/hotel/1685485.html?isFull=F#ctm_ref=hod_sr_map_dl_txt_13
414,北京尚品假日酒店,03,舒适型,4.5,216元,http://hotels.ctrip.com/hotel/1115770.html?isFull=F#ctm_ref=hod_sr_map_dl_txt_14
415,海友酒店(北京花乡天坛医院店)(原首经贸大学店),02,经济型,4.2,265元,http://hotels.ctrip.com/hotel/1535282.html?isFull=F#ctm_ref=hod_sr_map_dl_txt_15
416,北京博华商务酒店,03,舒适型,4.5,336元,http://hotels.ctrip.com/hotel/1775837.html?isFull=F#ctm_ref=hod_sr_map_dl_txt_16
417,世茂工三酒店公寓(北京工体三里屯店),02,经济型,4.8,590元,http://hotels.ctrip.com/hotel/7081688.html?isFull=F#ctm_ref=hod_sr_map_dl_txt_17
418,北京海运国际酒店,04,高档型,4.2,559元,http://hotels.ctrip.com/hotel/772195.html?isFull=F#ctm_ref=hod_sr_map_dl_txt_18
419,北京遇见精品民宿,,经济型,4.7,226元,http://hotels.ctrip.com/hotel/19453502.html?isFull=F#ctm_ref=hod_sr_map_dl_txt_19
420,汉庭优佳酒店(北京国贸劲松地铁站店),03,舒适型,4.9,441元,http://hotels.ctrip.com/hotel/451870.html?isFull=F#ctm_ref=hod_sr_map_dl_txt_20
421,7天连锁酒店(北京小汤山店),02,经济型,4.0,232元,http://hotels.ctrip.com/hotel/821106.html?isFull=F#ctm_ref=hod_sr_map_dl_txt_21
422,非繁城品酒店(北京草桥地铁站店)(原金康福国际酒店),03,舒适型,4.7,378元,http://hotels.ctrip.com/hotel/7975026.html?isFull=F#ctm_ref=hod_sr_map_dl_txt_22
423,怡莱酒店(北京王府井店)(原福星假日酒店),02,经济型,4.0,309元,http://hotels.ctrip.com/hotel/896878.html?isFull=F#ctm_ref=hod_sr_map_dl_txt_23
424,居派空间公寓(北京二外店),02,经济型,4.5,295元,http://hotels.ctrip.com/hotel/15811217.html?isFull=F#ctm_ref=hod_sr_map_dl_txt_24
425,天天如家自助服务式公寓(北京望京SOHO店),02,经济型,4.6,542元,http://hotels.ctrip.com/hotel/5293940.html?isFull=F#ctm_ref=hod_sr_map_dl_txt_25
426,斑斓·家公寓(北京酒仙桥新华联丽港店),02,经济型,4.9,521元,http://hotels.ctrip.com/hotel/21348646.html?isFull=F#ctm_ref=hod_sr_map_dl_txt_1
427,7天连锁酒店(北京天通苑北地铁站店),02,经济型,4.2,199元,http://hotels.ctrip.com/hotel/2305353.html?isFull=F#ctm_ref=hod_sr_map_dl_txt_2
428,北京呆住·东方美人酒店,03,舒适型,4.7,976元,http://hotels.ctrip.com/hotel/6253969.html?isFull=F#ctm_ref=hod_sr_map_dl_txt_3
429,7天连锁酒店(北京来广营店),02,经济型,4.1,265元,http://hotels.ctrip.com/hotel/2497125.html?isFull=F#ctm_ref=hod_sr_map_dl_txt_4
430,漫步TIME民宿(北京王府井店),02,经济型,4.9,439元,http://hotels.ctrip.com/hotel/25799700.html?isFull=F#ctm_ref=hod_sr_map_dl_txt_5
431,北京步客奇缘国际青年旅舍,,经济型,4.7,138元,http://hotels.ctrip.com/hotel/7936320.html?isFull=F#ctm_ref=hod_sr_map_dl_txt_6
432,居派空间公寓(北京传媒大学店),02,经济型,4.6,146元,http://hotels.ctrip.com/hotel/3243555.html?isFull=F#ctm_ref=hod_sr_map_dl_txt_7
433,轻联富润酒店(北京站店),02,经济型,4.3,285元,http://hotels.ctrip.com/hotel/1901750.html?isFull=F#ctm_ref=hod_sr_map_dl_txt_8
434,朵亚酒店式公寓(北京南苑机场店),02,经济型,4.1,166元,http://hotels.ctrip.com/hotel/7915256.html?isFull=F#ctm_ref=hod_sr_map_dl_txt_9
435,北京如天霞快捷宾馆,02,经济型,4.1,306元,http://hotels.ctrip.com/hotel/2299625.html?isFull=F#ctm_ref=hod_sr_map_dl_txt_10
436,北京世界城酒店公寓,02,经济型,4.3,576元,http://hotels.ctrip.com/hotel/1773178.html?isFull=F#ctm_ref=hod_sr_map_dl_txt_11
437,7天连锁酒店(北京昌平西关店),02,经济型,4.4,147元,http://hotels.ctrip.com/hotel/2043318.html?isFull=F#ctm_ref=hod_sr_map_dl_txt_12
438,7天连锁酒店(北京丰台科技园店),02,经济型,4.3,255元,http://hotels.ctrip.com/hotel/2042726.html?isFull=F#ctm_ref=hod_sr_map_dl_txt_13
439,北京北七家未来科学城驿府酒店,04,高档型,4.1,374元,http://hotels.ctrip.com/hotel/533335.html?isFull=F#ctm_ref=hod_sr_map_dl_txt_14
440,北京宝之谷国际会议中心,04,高档型,4.8,508元,http://hotels.ctrip.com/hotel/5024155.html?isFull=F#ctm_ref=hod_sr_map_dl_txt_15
441,北京柏莱特精选酒店,04,高档型,4.6,459元,http://hotels.ctrip.com/hotel/16186416.html?isFull=F#ctm_ref=hod_sr_map_dl_txt_16
442,如家快捷酒店(北京大兴生物医药基地店),02,经济型,4.7,303元,http://hotels.ctrip.com/hotel/1504825.html?isFull=F#ctm_ref=hod_sr_map_dl_txt_17
443,派酒店(北京石景山八角游乐园地铁站店),02,经济型,4.6,221元,http://hotels.ctrip.com/hotel/2533187.html?isFull=F#ctm_ref=hod_sr_map_dl_txt_18
444,斑斓·家公寓(远中悦来店),02,经济型,4.5,659元,http://hotels.ctrip.com/hotel/14212215.html?isFull=F#ctm_ref=hod_sr_map_dl_txt_19
445,辰季酒店(北京亦庄店)(原嵘辰商务酒店),03,舒适型,4.7,441元,http://hotels.ctrip.com/hotel/1770050.html?isFull=F#ctm_ref=hod_sr_map_dl_txt_20
446,北京原著悦宿四合院精品民宿,02,经济型,4.7,604元,http://hotels.ctrip.com/hotel/17965399.html?isFull=F#ctm_ref=hod_sr_map_dl_txt_21
447,7天连锁酒店(北京肖村地铁站店),02,经济型,4.8,305元,http://hotels.ctrip.com/hotel/1577930.html?isFull=F#ctm_ref=hod_sr_map_dl_txt_22
448,北京顶秀美泉假日酒店,04,高档型,4.4,566元,http://hotels.ctrip.com/hotel/662543.html?isFull=F#ctm_ref=hod_sr_map_dl_txt_23
449,犀客空间(北京国贸和乔丽致店),02,经济型,4.5,687元,http://hotels.ctrip.com/hotel/7517258.html?isFull=F#ctm_ref=hod_sr_map_dl_txt_24
450,北京鲁弘宾馆,04,高档型,4.6,1022元,http://hotels.ctrip.com/hotel/1198663.html?isFull=F#ctm_ref=hod_sr_map_dl_txt_25
451,北京景都桂龙大酒店,04,高档型,4.1,536元,http://hotels.ctrip.com/hotel/779283.html?isFull=F#ctm_ref=hod_sr_map_dl_txt_1
452,7天连锁酒店(北京华威北工大地铁站店),02,经济型,4.6,316元,http://hotels.ctrip.com/hotel/2300848.html?isFull=F#ctm_ref=hod_sr_map_dl_txt_2
453,如家快捷酒店(北京亦庄科创五街店),02,经济型,4.5,242元,http://hotels.ctrip.com/hotel/976879.html?isFull=F#ctm_ref=hod_sr_map_dl_txt_3
454,悦客来连锁旅店(北京潘家园店),02,经济型,4.5,387元,http://hotels.ctrip.com/hotel/11411738.html?isFull=F#ctm_ref=hod_sr_map_dl_txt_4
455,Q加·北京天骄凯旋酒店,03,舒适型,4.5,709元,http://hotels.ctrip.com/hotel/2490475.html?isFull=F#ctm_ref=hod_sr_map_dl_txt_5
456,北京卡斯谷度假酒店,04,高档型,4.4,598元,http://hotels.ctrip.com/hotel/8508932.html?isFull=F#ctm_ref=hod_sr_map_dl_txt_6
457,北京东方宫大酒店,03,舒适型,4.6,1880元,http://hotels.ctrip.com/hotel/1420154.html?isFull=F#ctm_ref=hod_sr_map_dl_txt_7
458,北京马克雅各布斯设计师精品酒店,04,高档型,4.4,654元,http://hotels.ctrip.com/hotel/6674785.html?isFull=F#ctm_ref=hod_sr_map_dl_txt_8
459,派酒店(北京新天坛医院店),02,经济型,4.7,221元,http://hotels.ctrip.com/hotel/28711236.html?isFull=F#ctm_ref=hod_sr_map_dl_txt_9
460,昆季酒店(北京首都机场新国展店),03,舒适型,4.0,254元,http://hotels.ctrip.com/hotel/4038280.html?isFull=F#ctm_ref=hod_sr_map_dl_txt_10
461,北京HiMaMa亲子庄园,03,舒适型,4.6,1280元,http://hotels.ctrip.com/hotel/6238348.html?isFull=F#ctm_ref=hod_sr_map_dl_txt_11
462,汉庭酒店(北京温都水城店),02,经济型,4.3,256元,http://hotels.ctrip.com/hotel/1193390.html?isFull=F#ctm_ref=hod_sr_map_dl_txt_12
463,北京临空智选假日酒店,03,舒适型,4.8,598元,http://hotels.ctrip.com/hotel/467288.html?isFull=F#ctm_ref=hod_sr_map_dl_txt_13
464,北京鹰城商务酒店,03,舒适型,4.1,568元,http://hotels.ctrip.com/hotel/457213.html?isFull=F#ctm_ref=hod_sr_map_dl_txt_14
465,北京励骏酒店,05,国家旅游局评定为五星级,4.7,1210元,http://hotels.ctrip.com/hotel/429203.html?isFull=F#ctm_ref=hod_sr_map_dl_txt_15
466,北京天伦王朝酒店,05,国家旅游局评定为五星级,4.6,850元,http://hotels.ctrip.com/hotel/419461.html?isFull=F#ctm_ref=hod_sr_map_dl_txt_16
467,北京新国贸饭店,05,豪华型,4.7,1341元,http://hotels.ctrip.com/hotel/7492873.html?isFull=F#ctm_ref=hod_sr_map_dl_txt_17
468,北京海润艾丽华酒店及服务公寓,04,国家旅游局评定为四星级,4.4,598元,http://hotels.ctrip.com/hotel/428497.html?isFull=F#ctm_ref=hod_sr_map_dl_txt_18
469,北京丽亭华苑酒店,04,国家旅游局评定为四星级,4.6,758元,http://hotels.ctrip.com/hotel/396387.html?isFull=F#ctm_ref=hod_sr_map_dl_txt_19
470,北京千禧大酒店,05,国家旅游局评定为五星级,4.6,1312元,http://hotels.ctrip.com/hotel/385114.html?isFull=F#ctm_ref=hod_sr_map_dl_txt_20
471,北京国际饭店,05,国家旅游局评定为五星级,4.5,788元,http://hotels.ctrip.com/hotel/427870.html?isFull=F#ctm_ref=hod_sr_map_dl_txt_21
472,北京华侨大厦,05,国家旅游局评定为五星级,4.5,771元,http://hotels.ctrip.com/hotel/419993.html?isFull=F#ctm_ref=hod_sr_map_dl_txt_22
473,北京国贸大酒店,05,国家旅游局评定为五星级,4.8,1982元,http://hotels.ctrip.com/hotel/369675.html?isFull=F#ctm_ref=hod_sr_map_dl_txt_23
474,北京三里屯CHAO酒店,05,豪华型,4.6,1682元,http://hotels.ctrip.com/hotel/5470464.html?isFull=F#ctm_ref=hod_sr_map_dl_txt_24
475,北京海湾半山温泉酒店,05,豪华型,4.7,1969元,http://hotels.ctrip.com/hotel/7008001.html?isFull=F#ctm_ref=hod_sr_map_dl_txt_25
